{
  "accuracy": [
    0.093304842710495,
    0.09757834672927856,
    0.11039885878562927,
    0.09615384787321091,
    0.09615384787321091,
    0.12179487198591232
  ],
  "loss": [
    3.0581092834472656,
    2.821007013320923,
    2.713931083679199,
    2.672227144241333,
    2.590311288833618,
    2.3221054077148438
  ],
  "val_accuracy": [
    0.10101009905338287,
    0.10101009905338287,
    0.09848485141992569,
    0.09848485141992569,
    0.09848485141992569,
    0.10101009905338287
  ],
  "val_loss": [
    2.5446064472198486,
    2.4209883213043213,
    2.3617501258850098,
    2.386564254760742,
    2.317559242248535,
    2.4352123737335205
  ],
  "learning_rate": [
    0.0010000000474974513,
    0.0010000000474974513,
    0.0010000000474974513,
    0.0010000000474974513,
    0.0010000000474974513,
    0.0010000000474974513
  ]
}